<step title="BackgroundTrace" date="2026-02-07T18:20:53.360" instance="4761ed" url="/api/zipdeploy" method="POST" >
  <step title="Creating temporary deployment - FetchDeploymentManager" date="2026-02-07T18:20:53.422" /><!-- duration: 3ms -->
  <step title="Creating temporary deployment" date="2026-02-07T18:20:53.432" /><!-- duration: 59ms -->
  <step title="Performing fetch based deployment" date="2026-02-07T18:20:53.550" >
    <step title="Cleaning up temp folders from previous zip deployments and extracting pushed zip file /tmp/zipdeploy/982ecd2c-a7e1-40ce-ba89-20cd56382daf.zip (0.03 MB) to /tmp/zipdeploy/extracted" date="2026-02-07T18:20:54.754" >
      <step title="ChmodRecursive Process exited with total time taken in ms: 25" date="2026-02-07T18:20:54.820" /><!-- duration: 4ms -->
    </step><!-- duration: 74ms -->
    <step title="Deployment timer started" date="2026-02-07T18:20:56.841" >
      <step title="DeploymentManager.Deploy(id:fc364593-9289-4929-bd8e-847e96322254)" date="2026-02-07T18:20:56.855" >
        <step title="Collecting changeset information" date="2026-02-07T18:20:56.881" /><!-- duration: 142ms -->
        <step title="Updating submodules" date="2026-02-07T18:20:57.036" /><!-- duration: 1170ms -->
        <step title="Determining deployment builder" date="2026-02-07T18:20:58.502" >
          <step title="Builder is OryxBuilder" date="2026-02-07T18:20:58.536" /><!-- duration: 6ms -->
        </step><!-- duration: 46ms -->
        <step title="PreDeployment: context.CleanOutputPath False" date="2026-02-07T18:20:58.649" >
          <step title="PreDeployment: context.OutputPath /home/site/wwwroot" date="2026-02-07T18:20:58.782" >
            <step title="Building" date="2026-02-07T18:20:59.004" >
              <step title="Executing external process" date="2026-02-07T18:20:59.369" type="process" path="bash" arguments="-c &quot;oryx build /tmp/zipdeploy/extracted -o /home/site/wwwroot --platform python --platform-version 3.10 -p virtualenv_name=antenv --log-file /tmp/build-debug.log  -i /tmp/8de6675a43835c7 --compress-destination-dir | tee /tmp/oryx-build.log ; exit $PIPESTATUS &quot;" /><!-- duration: 59523ms -->
              <step title="Using PythonDeploymentLogParser" date="2026-02-07T18:21:59.219" /><!-- duration: 3ms -->
              <step title="Triggering recycle (preview mode disabled)." date="2026-02-07T18:22:00.168" /><!-- duration: 7ms -->
              <step title="Modified file to trigger a restart of the app container." date="2026-02-07T18:22:00.191" /><!-- duration: 2ms -->
              <step title="Skip function trigger and logicapp sync because function is not enabled." date="2026-02-07T18:22:00.201" /><!-- duration: 2ms -->
            </step><!-- duration: 61873ms -->
          </step><!-- duration: 62099ms -->
          <step title="Cleaning up temp files" date="2026-02-07T18:22:00.883" /><!-- duration: 1981ms -->
          <step title="Cleaning up temp files" date="2026-02-07T18:22:02.868" /><!-- duration: 503ms -->
          <step title="Reloading status file with latest updates" date="2026-02-07T18:22:03.401" >
            <step title="WebHooksManager.PublishEventAsync: PostDeployment" date="2026-02-07T18:22:03.404" /><!-- duration: 30ms -->
          </step><!-- duration: 35ms -->
          <step title="Cleaning up temporary deployment - fetch deployment was successful" date="2026-02-07T18:22:03.441" /><!-- duration: 2ms -->
        </step><!-- duration: 64846ms -->
      </step><!-- duration: 66652ms -->
