<step title="Incoming Request" date="2026-02-07T15:52:43.856" instance="b6e968" url="/api/zipdeploy?isAsync=true" method="POST" type="request" pid="770,1,7" Accept="*/*" Host="plantdiseaseapi-akg4bxfbaegvfteg.scm.southeastasia-01.azurewebsites.net" User-Agent="AZURECLI/2.83.0 (HOMEBREW)" Accept-Encoding="gzip, deflate" Authorization="Bea..." Cache-Control="no-cache" Content-Type="application/octet-stream" Content-Length="29148" x-ms-client-request-id="e42496a0-043c-11f1-afde-42d2f44587d6" x-ms-artifact-checksum="d8a2e90faace742b4f0e75eb565e5ae3e97b6996384c0106cb4ec4721848c8d7" X-ARR-LOG-ID="e42496a0-043c-11f1-afde-42d2f44587d6" CLIENT-IP="103.47.75.255:54828" X-SITE-DEPLOYMENT-ID="plantdiseaseapi" WAS-DEFAULT-HOSTNAME="plantdiseaseapi-akg4bxfbaegvfteg.scm.southeastasia-01.azurewebsites.net" X-Forwarded-Proto="https" X-AppService-Proto="https" X-Forwarded-TlsVersion="1.3" X-WAWS-Unencoded-URL="/api/zipdeploy?isAsync=true" X-Client-IP="103.47.75.255" X-Client-Port="54828" >
  <step title="ZipPushDeploy" date="2026-02-07T15:52:44.459" >
    <step title="ZipDeploy. Extract zip. Remote build." date="2026-02-07T15:52:44.463" /><!-- duration: 2ms -->
    <step title="None repository commit" date="2026-02-07T15:52:44.471" >
      <step title="Commit id: 1e4f5f0f-ade8-404b-8f45-ee5338860ce3" date="2026-02-07T15:52:44.473" Message="N/A" AuthorName="N/A" AuthorEmail="N/A" /><!-- duration: 2ms -->
    </step><!-- duration: 5ms -->
    <step title="Starting PushDeployAsync" date="2026-02-07T15:52:44.478" /><!-- duration: 2ms -->
    <step title="Writing artifact to /tmp/zipdeploy/8665f2df-e32f-42cc-b8dc-4aee9c97b534.zip" date="2026-02-07T15:52:44.490" >
      <step title="Writing multipart request body to /tmp/zipdeploy/8665f2df-e32f-42cc-b8dc-4aee9c97b534.zip" date="2026-02-07T15:52:44.492" /><!-- duration: 3ms -->
    </step><!-- duration: 70ms -->
    <step title="Start deployment in the background" date="2026-02-07T15:52:44.572" >
      <step title="Acquiring Deployment Lock" date="2026-02-07T15:52:44.593" /><!-- duration: 6ms -->
      <step title="Acquired Deployment Lock" date="2026-02-07T15:52:44.635" /><!-- duration: 2ms -->
    </step><!-- duration: 122ms -->
  </step><!-- duration: 245ms -->
  <step title="Outgoing response" date="2026-02-07T15:52:44.725" type="response" statusCode="202" statusText="Accepted" /><!-- duration: 2ms -->
</step><!-- duration: 872ms -->
