<step title="BackgroundTrace" date="2026-02-07T15:52:44.578" instance="b6e968" url="/api/zipdeploy" method="POST" >
  <step title="Creating temporary deployment - FetchDeploymentManager" date="2026-02-07T15:52:44.639" /><!-- duration: 1ms -->
  <step title="Creating temporary deployment" date="2026-02-07T15:52:44.642" /><!-- duration: 49ms -->
  <step title="Performing fetch based deployment" date="2026-02-07T15:52:44.755" >
    <step title="Cleaning up temp folders from previous zip deployments and extracting pushed zip file /tmp/zipdeploy/8665f2df-e32f-42cc-b8dc-4aee9c97b534.zip (0.03 MB) to /tmp/zipdeploy/extracted" date="2026-02-07T15:52:46.242" >
      <step title="ChmodRecursive Process exited with total time taken in ms: 57" date="2026-02-07T15:52:46.462" /><!-- duration: 2ms -->
    </step><!-- duration: 231ms -->
    <step title="Deployment timer started" date="2026-02-07T15:52:48.559" >
      <step title="DeploymentManager.Deploy(id:1e4f5f0f-ade8-404b-8f45-ee5338860ce3)" date="2026-02-07T15:52:48.564" >
        <step title="Collecting changeset information" date="2026-02-07T15:52:48.573" /><!-- duration: 110ms -->
        <step title="Updating submodules" date="2026-02-07T15:52:48.686" /><!-- duration: 1106ms -->
        <step title="Determining deployment builder" date="2026-02-07T15:52:49.990" >
          <step title="Builder is OryxBuilder" date="2026-02-07T15:52:49.995" /><!-- duration: 2ms -->
        </step><!-- duration: 9ms -->
        <step title="PreDeployment: context.CleanOutputPath False" date="2026-02-07T15:52:50.048" >
          <step title="PreDeployment: context.OutputPath /home/site/wwwroot" date="2026-02-07T15:52:50.166" >
            <step title="Building" date="2026-02-07T15:52:50.308" >
              <step title="Executing external process" date="2026-02-07T15:52:50.607" type="process" path="bash" arguments="-c &quot;oryx build /tmp/zipdeploy/extracted -o /home/site/wwwroot --platform python --platform-version 3.11 -p virtualenv_name=antenv --log-file /tmp/build-debug.log  -i /tmp/8de6660f23a96f2 --compress-destination-dir | tee /tmp/oryx-build.log ; exit $PIPESTATUS &quot;" >
                <step title="Cpu: python(917,46.380s)+ts(918,0.180s)+build.sh(916,0.000s)+build.sh(915,0.000s)+build.sh(820,0.080s)+oryx(796,6.210s)+tee(797,0.000s)+bash(795,0.000s)=total(52.840s)" date="2026-02-07T15:54:48.816" /><!-- duration: 10ms -->
                <step title="bash: no io activity for 60s, prev-cpu=-1.000s, current-cpu=52.840s" date="2026-02-07T15:54:48.837" /><!-- duration: 39ms -->
                <step title="Cpu: gzip(1025,21.720s)+sh(1024,0.000s)+tar(1023,1.500s)+build.sh(820,0.090s)+oryx(796,6.700s)+tee(797,0.000s)+bash(795,0.000s)=total(30.010s)" date="2026-02-07T15:56:38.754" /><!-- duration: 162ms -->
                <step title="bash: no io activity for 61s, prev-cpu=-1.000s, current-cpu=30.010s" date="2026-02-07T15:56:39.064" /><!-- duration: 22ms -->
              </step><!-- duration: 249814ms -->
              <step title="Using PythonDeploymentLogParser" date="2026-02-07T15:57:00.888" /><!-- duration: 2ms -->
              <step title="Triggering recycle (preview mode disabled)." date="2026-02-07T15:57:02.201" /><!-- duration: 14ms -->
              <step title="Modified file to trigger a restart of the app container." date="2026-02-07T15:57:02.259" /><!-- duration: 1ms -->
              <step title="Skip function trigger and logicapp sync because function is not enabled." date="2026-02-07T15:57:02.305" /><!-- duration: 21ms -->
            </step><!-- duration: 252795ms -->
          </step><!-- duration: 252940ms -->
          <step title="Cleaning up temp files" date="2026-02-07T15:57:03.107" /><!-- duration: 2815ms -->
          <step title="Cleaning up temp files" date="2026-02-07T15:57:05.927" /><!-- duration: 504ms -->
          <step title="Reloading status file with latest updates" date="2026-02-07T15:57:06.448" >
            <step title="WebHooksManager.PublishEventAsync: PostDeployment" date="2026-02-07T15:57:06.451" /><!-- duration: 99ms -->
          </step><!-- duration: 104ms -->
          <step title="Cleaning up temporary deployment - fetch deployment was successful" date="2026-02-07T15:57:06.555" /><!-- duration: 2ms -->
        </step><!-- duration: 256542ms -->
      </step><!-- duration: 258034ms -->
