<step title="Incoming Request" date="2026-02-08T19:30:56.066" instance="4761ed" url="/api/zipdeploy?isAsync=true" method="POST" type="request" pid="767,1,3" Accept="*/*" Host="plantdiseaseapi-akg4bxfbaegvfteg.scm.southeastasia-01.azurewebsites.net" User-Agent="AZURECLI/2.83.0 (HOMEBREW)" Accept-Encoding="gzip, deflate" Authorization="Bea..." Cache-Control="no-cache" Content-Type="application/octet-stream" Content-Length="57131108" x-ms-client-request-id="ad167cf8-0524-11f1-9ec8-42d2f44587d6" x-ms-artifact-checksum="83686b2202fe821a90588f8b1eee5237e329ff61113dbdc71bbb0e04ab8855d7" X-ARR-LOG-ID="ad167cf8-0524-11f1-9ec8-42d2f44587d6" CLIENT-IP="103.47.75.255:56677" X-SITE-DEPLOYMENT-ID="plantdiseaseapi" WAS-DEFAULT-HOSTNAME="plantdiseaseapi-akg4bxfbaegvfteg.scm.southeastasia-01.azurewebsites.net" X-Forwarded-Proto="https" X-AppService-Proto="https" X-Forwarded-TlsVersion="1.3" X-WAWS-Unencoded-URL="/api/zipdeploy?isAsync=true" X-Client-IP="103.47.75.255" X-Client-Port="56677" >
  <step title="ZipPushDeploy" date="2026-02-08T19:30:56.221" >
    <step title="ZipDeploy. Extract zip. Remote build." date="2026-02-08T19:30:56.231" /><!-- duration: 3ms -->
    <step title="None repository commit" date="2026-02-08T19:30:56.238" >
      <step title="Commit id: a8ef9c1f-75a7-482a-bdab-439749c4b0c9" date="2026-02-08T19:30:56.241" Message="N/A" AuthorName="N/A" AuthorEmail="N/A" /><!-- duration: 2ms -->
    </step><!-- duration: 7ms -->
    <step title="Starting PushDeployAsync" date="2026-02-08T19:30:56.248" /><!-- duration: 2ms -->
    <step title="Writing artifact to /tmp/zipdeploy/f486f419-ceab-4241-9989-7989719043cc.zip" date="2026-02-08T19:30:56.261" >
      <step title="Writing multipart request body to /tmp/zipdeploy/f486f419-ceab-4241-9989-7989719043cc.zip" date="2026-02-08T19:30:56.264" /><!-- duration: 4ms -->
    </step><!-- duration: 6842ms -->
    <step title="Removing previous build artifact&apos;s manifest file" date="2026-02-08T19:31:03.110" >
      <step title="Start deployment in the background" date="2026-02-08T19:31:03.121" >
        <step title="Acquiring Deployment Lock" date="2026-02-08T19:31:03.137" /><!-- duration: 8ms -->
        <step title="Acquired Deployment Lock" date="2026-02-08T19:31:03.174" /><!-- duration: 2ms -->
      </step><!-- duration: 112ms -->
    </step><!-- duration: 128ms -->
    <step title="Outgoing response" date="2026-02-08T19:31:03.246" type="response" statusCode="202" statusText="Accepted" /><!-- duration: 2ms -->
  </step><!-- duration: 7033ms -->
