<step title="BackgroundTrace" date="2026-02-08T19:31:03.124" instance="4761ed" url="/api/zipdeploy" method="POST" >
  <step title="Cleanup Xml Logs" date="2026-02-08T19:31:03.126" /><!-- duration: 4ms -->
  <step title="Creating temporary deployment - FetchDeploymentManager" date="2026-02-08T19:31:03.179" /><!-- duration: 2ms -->
  <step title="Creating temporary deployment" date="2026-02-08T19:31:03.183" /><!-- duration: 47ms -->
  <step title="Performing fetch based deployment" date="2026-02-08T19:31:03.262" >
    <step title="Cleaning up temp folders from previous zip deployments and extracting pushed zip file /tmp/zipdeploy/f486f419-ceab-4241-9989-7989719043cc.zip (54.48 MB) to /tmp/zipdeploy/extracted" date="2026-02-08T19:31:04.433" >
      <step title="ChmodRecursive Process exited with total time taken in ms: 84" date="2026-02-08T19:31:06.318" /><!-- duration: 4ms -->
    </step><!-- duration: 1891ms -->
    <step title="Deployment timer started" date="2026-02-08T19:31:08.331" >
      <step title="DeploymentManager.Deploy(id:a8ef9c1f-75a7-482a-bdab-439749c4b0c9)" date="2026-02-08T19:31:08.335" >
        <step title="Collecting changeset information" date="2026-02-08T19:31:08.342" /><!-- duration: 70ms -->
        <step title="Updating submodules" date="2026-02-08T19:31:08.417" /><!-- duration: 1102ms -->
        <step title="Determining deployment builder" date="2026-02-08T19:31:09.699" >
          <step title="Builder is OryxBuilder" date="2026-02-08T19:31:09.705" /><!-- duration: 14ms -->
        </step><!-- duration: 23ms -->
        <step title="PreDeployment: context.CleanOutputPath False" date="2026-02-08T19:31:09.762" >
          <step title="PreDeployment: context.OutputPath /home/site/wwwroot" date="2026-02-08T19:31:09.873" >
            <step title="Building" date="2026-02-08T19:31:10.004" >
              <step title="Executing external process" date="2026-02-08T19:31:10.244" type="process" path="bash" arguments="-c &quot;oryx build /tmp/zipdeploy/extracted -o /home/site/wwwroot --platform python --platform-version 3.10 -p virtualenv_name=antenv --log-file /tmp/build-debug.log  -i /tmp/8de67489caf95b1 --compress-destination-dir | tee /tmp/oryx-build.log ; exit $PIPESTATUS &quot;" /><!-- duration: 50862ms -->
              <step title="Using PythonDeploymentLogParser" date="2026-02-08T19:32:01.485" /><!-- duration: 14ms -->
              <step title="Triggering recycle (preview mode disabled)." date="2026-02-08T19:32:02.637" /><!-- duration: 6ms -->
              <step title="Modified file to trigger a restart of the app container." date="2026-02-08T19:32:02.674" /><!-- duration: 2ms -->
              <step title="Skip function trigger and logicapp sync because function is not enabled." date="2026-02-08T19:32:02.683" /><!-- duration: 2ms -->
            </step><!-- duration: 53430ms -->
          </step><!-- duration: 53564ms -->
          <step title="Cleaning up temp files" date="2026-02-08T19:32:03.439" /><!-- duration: 2111ms -->
          <step title="Cleaning up temp files" date="2026-02-08T19:32:05.554" /><!-- duration: 503ms -->
          <step title="Reloading status file with latest updates" date="2026-02-08T19:32:06.103" >
            <step title="WebHooksManager.PublishEventAsync: PostDeployment" date="2026-02-08T19:32:06.107" /><!-- duration: 51ms -->
          </step><!-- duration: 57ms -->
          <step title="Cleaning up temporary deployment - fetch deployment was successful" date="2026-02-08T19:32:06.164" /><!-- duration: 2ms -->
        </step><!-- duration: 56443ms -->
      </step><!-- duration: 57880ms -->
