<step title="Incoming Request" date="2026-02-07T18:20:52.875" instance="4761ed" url="/api/zipdeploy?isAsync=true" method="POST" type="request" pid="768,1,14" Accept="*/*" Host="plantdiseaseapi-akg4bxfbaegvfteg.scm.southeastasia-01.azurewebsites.net" User-Agent="AZURECLI/2.83.0 (HOMEBREW)" Accept-Encoding="gzip, deflate" Authorization="Bea..." Cache-Control="no-cache" Content-Type="application/octet-stream" Content-Length="30559" x-ms-client-request-id="94e0f60a-0451-11f1-b8f9-42d2f44587d6" x-ms-artifact-checksum="98c0ea6ddf04fe3eff4da8a51bea29de5305b8e633aa924a7f191fce2c014a44" X-ARR-LOG-ID="94e0f60a-0451-11f1-b8f9-42d2f44587d6" CLIENT-IP="103.47.75.255:57250" X-SITE-DEPLOYMENT-ID="plantdiseaseapi" WAS-DEFAULT-HOSTNAME="plantdiseaseapi-akg4bxfbaegvfteg.scm.southeastasia-01.azurewebsites.net" X-Forwarded-Proto="https" X-AppService-Proto="https" X-Forwarded-TlsVersion="1.3" X-WAWS-Unencoded-URL="/api/zipdeploy?isAsync=true" X-Client-IP="103.47.75.255" X-Client-Port="57250" >
  <step title="ZipPushDeploy" date="2026-02-07T18:20:53.232" >
    <step title="ZipDeploy. Extract zip. Remote build." date="2026-02-07T18:20:53.268" /><!-- duration: 3ms -->
    <step title="None repository commit" date="2026-02-07T18:20:53.276" >
      <step title="Commit id: fc364593-9289-4929-bd8e-847e96322254" date="2026-02-07T18:20:53.279" Message="N/A" AuthorName="N/A" AuthorEmail="N/A" /><!-- duration: 2ms -->
    </step><!-- duration: 7ms -->
    <step title="Starting PushDeployAsync" date="2026-02-07T18:20:53.291" /><!-- duration: 3ms -->
    <step title="Writing artifact to /tmp/zipdeploy/982ecd2c-a7e1-40ce-ba89-20cd56382daf.zip" date="2026-02-07T18:20:53.307" >
      <step title="Writing multipart request body to /tmp/zipdeploy/982ecd2c-a7e1-40ce-ba89-20cd56382daf.zip" date="2026-02-07T18:20:53.312" /><!-- duration: 3ms -->
    </step><!-- duration: 38ms -->
    <step title="Removing previous build artifact&apos;s manifest file" date="2026-02-07T18:20:53.350" >
      <step title="Start deployment in the background" date="2026-02-07T18:20:53.357" >
        <step title="Acquiring Deployment Lock" date="2026-02-07T18:20:53.365" /><!-- duration: 2ms -->
        <step title="Acquired Deployment Lock" date="2026-02-07T18:20:53.411" /><!-- duration: 6ms -->
      </step><!-- duration: 139ms -->
    </step><!-- duration: 152ms -->
    <step title="Outgoing response" date="2026-02-07T18:20:53.524" type="response" statusCode="202" statusText="Accepted" /><!-- duration: 4ms -->
  </step><!-- duration: 301ms -->
