﻿<?xml version="1.0" encoding="utf-8"?>
<deployment>
  <id>1e4f5f0f-ade8-404b-8f45-ee5338860ce3</id>
  <author>N/A</author>
  <deployer>Push-Deployer</deployer>
  <authorEmail>N/A</authorEmail>
  <message>Created via a push deployment</message>
  <progress></progress>
  <status>Success</status>
  <statusText></statusText>
  <lastSuccessEndTime>2026-02-07T15:57:02.828944Z</lastSuccessEndTime>
  <receivedTime>2026-02-07T15:52:48.6026863Z</receivedTime>
  <startTime>2026-02-07T15:52:49.931288Z</startTime>
  <endTime>2026-02-07T15:57:02.828944Z</endTime>
  <complete>True</complete>
  <is_temp>False</is_temp>
  <is_readonly>True</is_readonly>
  <buildSummary />
</deployment>