﻿<?xml version="1.0" encoding="utf-8"?>
<deployment>
  <id>fc364593-9289-4929-bd8e-847e96322254</id>
  <author>N/A</author>
  <deployer>Push-Deployer</deployer>
  <authorEmail>N/A</authorEmail>
  <message>Created via a push deployment</message>
  <progress></progress>
  <status>Success</status>
  <statusText></statusText>
  <lastSuccessEndTime>2026-02-07T18:22:00.5730637Z</lastSuccessEndTime>
  <receivedTime>2026-02-07T18:20:56.9515753Z</receivedTime>
  <startTime>2026-02-07T18:20:58.4355543Z</startTime>
  <endTime>2026-02-07T18:22:00.5730637Z</endTime>
  <complete>True</complete>
  <is_temp>False</is_temp>
  <is_readonly>True</is_readonly>
  <buildSummary />
</deployment>